,CustomerID,predictedValues
185,1024-GUALD,0.85309678
2715,0484-JPBRU,0.03820150
3825,3620-EHIMZ,0.00090930
1807,6910-HADCM,0.87359657
132,8587-XYZSF,0.00071300
1263,6818-WOBHJ,0.02707237
3732,3082-YVEKW,0.00170425
1672,4737-AQCPU,0.00007930
811,4853-RULSV,0.15342198
2526,5766-ZJYBB,0.26013969
2892,2668-TZSPS,0.08653520
4129,3192-LNKRK,0.27928201
2622,5315-CKEQK,0.01364807
3801,5914-DVBWJ,0.69411907
4357,7998-ZLXWN,0.04340512
6179,6328-ZPBGN,0.95756141
5275,9530-EHPOH,0.22382534
4640,1853-UDXBW,0.80116461
833,2672-TGEFF,0.31207891
5194,1902-XBTFB,0.72305057
3328,1640-PLFMP,0.83237589
101,3679-XASPY,0.47703639
6298,7356-IWLFW,0.22899926
1090,9036-CSKBW,0.03559930
1744,8952-WCVCD,0.14166026
6486,2100-BDNSN,0.21372443
6370,2869-ADAWR,0.05133207
1882,5832-EXGTT,0.04506360
3469,9402-ORRAH,0.56874749
2310,4967-WPNCF,0.00008358
6185,8033-VCZGH,0.24666680
2726,9392-XBGTD,0.00001273
696,0078-XZMHT,0.00006497
1483,0743-HNPFG,0.01214914
1158,5334-JLAXU,0.03956257
3032,5696-EXCYS,0.00023874
7037,2569-WGERO,0.00004510
4645,5219-YIPTK,0.35940851
6112,5553-AOINX,0.10068249
4395,5502-RLUYV,0.37403183
1662,2058-DCJBE,0.61627554
1345,2293-IJWPS,0.46570628
4343,7130-VTEWQ,0.20322457
6119,0080-EMYVY,0.01333766
2873,0148-DCDOS,0.28613136
1084,9170-ARBTB,0.00025225
177,2070-FNEXE,0.19154625
5556,5364-EVNIB,0.10223251
4810,1112-CUNAO,0.85052467
6608,4576-CSAJH,0.05754028
393,9967-ATRFS,0.00129970
6006,1360-RCYRT,0.19256260
3107,5038-ETMLM,0.00038878
1817,5663-QBGIS,0.00628550
1075,4194-WHFCB,0.04570434
2653,9481-WHGWY,0.00817027
2164,5453-YBTWV,0.00528008
3872,2018-PZKMU,0.43474270
1317,9277-JOOMO,0.04677619
3254,3629-ZNKXA,0.42974488
3425,0369-ZGOVK,0.28127419
3658,3604-WLABM,0.27767240
3513,4063-EIKNQ,0.20499880
2177,2878-RMWXY,0.00017170
3593,9540-JYROE,0.48438738
4852,7515-LODFU,0.00080456
1375,1839-FBNFR,0.00070481
2533,5397-NSKQG,0.00158794
3914,1755-FZQEC,0.00025532
3012,2160-GPFXD,0.00329986
6633,4415-IJZTP,0.86141757
321,9880-TDQAC,0.00264534
742,5138-WVKYJ,0.67637879
1149,8844-TONUD,0.41563095
1188,0080-OROZO,0.59712650
2903,0953-LGOVU,0.03660672
4333,5325-UWTWJ,0.04777322
2576,1074-AMIOH,0.04989283
2977,5906-BFOZT,0.45376348
2678,7026-YMSBE,0.00074390
37,6572-ADKRS,0.29651300
1795,5922-ABDVO,0.64334183
1328,6475-VHUIZ,0.09495205
5972,1324-NLTJE,0.16915890
2579,4361-FEBGN,0.00165440
3172,8393-DLHGA,0.54842626
2638,6769-DCQLI,0.25034843
4464,3018-TFTSU,0.11863634
676,2324-AALNO,0.01069283
5421,2300-RQGOI,0.00006034
5060,6133-OZILE,0.27348143
6685,7605-SNLQG,0.08125278
535,5348-CAGXB,0.63181684
6180,0201-MIBOL,0.04427752
233,7083-MIOPC,0.00000899
1379,0562-KBDVM,0.00034803
734,1173-NOEYG,0.09791139
3802,7698-YFGEZ,0.47042018
2167,9061-TIHDA,0.77237143
4714,0016-QLJIS,0.00009737
1042,7296-PIXQY,0.37033046
5810,9102-IAYHT,0.86124498
3406,6447-EGDIV,0.02111230
6010,3460-TJBWI,0.00153874
2110,3744-ZBHON,0.08607416
1509,1092-GANHU,0.14908547
2742,3948-KXDUF,0.00022761
3077,7284-ZZLOH,0.00215619
319,6745-JEFZB,0.07898326
2929,2606-PKWJB,0.00409269
1057,1624-WOIWJ,0.30785435
1153,8777-PVYGU,0.00310201
6026,4770-QAZXN,0.00237296
50,8012-SOUDQ,0.15104779
5574,5546-BYZSM,0.00236847
1862,0523-VNGTF,0.10779683
6003,3779-OSWCF,0.00018139
511,8535-SFUTN,0.29161742
435,2320-SLKMB,0.01737231
5955,7169-YWAMK,0.00030325
3399,8434-PNQZX,0.00323000
2333,4981-FLTMF,0.00283868
2354,9424-CMPOG,0.00045793
6151,3627-FCRDW,0.35430921
4350,1518-OMDIK,0.03800842
3518,8393-JMVMB,0.51307715
5653,7638-QVMVY,0.70497910
2283,6140-QNRQQ,0.38420432
764,7969-FFOWG,0.00006031
543,1342-JPNKI,0.83959926
3129,7080-TNUWP,0.02612438
2323,8949-JTMAY,0.82977280
5698,0654-HMSHN,0.19193497
2654,2725-KXXWT,0.65153682
2758,2439-QKJUL,0.12484149
5313,1935-IMVBB,0.08441690
5070,4628-WQCQQ,0.19951835
3710,3724-BSCVH,0.00040246
263,7605-BDWDC,0.00064541
4900,7137-RYLPP,0.58240167
2206,3207-OYBWH,0.33493338
2963,4707-YNOQA,0.00300965
6283,6956-SMUCM,0.95435560
1397,8714-CTZJW,0.80140422
6699,3662-FXJFO,0.00884445
2402,7623-HKYRK,0.01811596
3668,1353-GHZOS,0.08177807
6340,3323-CPBWR,0.24774559
429,6152-ONASV,0.00159929
5735,9251-AWQGT,0.00037083
3904,4803-LBYPN,0.00129980
3381,8879-ZKJOF,0.02399657
5057,7354-OIJLX,0.41507468
6833,9129-UXERG,0.57310920
1414,5302-BDJNT,0.12865638
6359,7148-XZPHA,0.08427173
230,2651-ZCBXV,0.76698687
3932,1304-NECVQ,0.96372968
5478,3374-TTZTK,0.43537940
789,0229-LFJAF,0.00002030
472,1304-BCCFO,0.42370999
1079,0455-XFASS,0.56775860
245,0221-WMXNQ,0.19125756
1536,2882-WDTBA,0.00380404
2239,8069-RHUXK,0.00007505
4466,4806-KEXQR,0.66492420
544,2817-NTQDO,0.26222630
1302,3230-IUALN,0.00087252
6744,6500-JVEGC,0.02949501
4189,7103-ZGVNT,0.00635407
3422,1837-YQUCE,0.00466445
408,4800-VHZKI,0.40988129
79,3887-PBQAO,0.00303276
4844,5177-RVZNU,0.00077744
3934,1729-VLAZJ,0.00201524
5354,4273-MBHYA,0.92715202
6611,8690-UPCZI,0.00127273
1606,6374-NTQLP,0.00062936
1223,1618-CFHME,0.83670550
473,4104-PVRPS,0.00264867
3276,4210-QFJMF,0.81597230
932,5787-KXGIY,0.00005446
4739,3088-LHEFH,0.38914813
468,8896-RAZCR,0.00007558
6261,7268-WNTCP,0.00003534
3862,5854-KSRBJ,0.00005705
3185,9907-SWKKF,0.79604502
3837,3932-CMDTD,0.52403308
3078,5277-ZLOOR,0.96933219
3437,2746-DIJLO,0.14381052
3103,9174-FKWZE,0.65312595
2080,9919-FZDED,0.00005405
6737,9488-FYQAU,0.01319296
3218,6869-FGJJC,0.19668229
5749,3349-ANQNH,0.61259682
1452,0222-CNVPT,0.21116838
3615,6900-PXRMS,0.78172910
217,0230-WEQUW,0.00058355
4235,7629-WFGLW,0.04303521
4086,2235-EZAIK,0.00004325
6411,5119-NZPTV,0.51701789
3299,4282-MSACW,0.91339160
3256,7711-YIJWC,0.00151479
5736,8749-CLJXC,0.34249041
5753,7636-XUHWW,0.10274114
4660,0883-EIBTI,0.07898255
4032,4098-NAUKP,0.53176306
3936,0701-TJSEF,0.07224007
3360,0689-NKYLF,0.31037704
5823,9867-NNXLC,0.00110907
1406,9337-SRRNI,0.00005231
4407,1850-AKQEP,0.01102312
3916,5600-KTXFM,0.52144078
1443,7055-HNEOJ,0.37523499
4631,2462-XIIJB,0.95967878
994,7277-KAMWT,0.00040074
3855,7691-KGKGP,0.03874430
4791,7808-DVWEP,0.20791071
332,2379-GYFLQ,0.03743500
6059,7325-ENZFI,0.01605263
1287,8800-ZKRFW,0.29228552
4359,9133-AYJZG,0.32593410
3204,6772-WFQRD,0.00160205
5612,9670-BPNXF,0.65859284
5979,2675-IJRGJ,0.31635892
1061,4829-ZLJTK,0.00025997
4439,9950-MTGYX,0.00011301
2351,9755-JHNMN,0.02163572
3527,3746-EUBYR,0.93833875
711,7929-DMBCV,0.03784112
2704,9640-ZSLDC,0.21166064
3285,7197-VOJMM,0.00600664
5495,2696-NARTR,0.49946176
3263,0689-DSXGL,0.01989651
970,7294-TMAOP,0.94654496
2299,6177-PEVRA,0.03417924
2954,7410-YTJIK,0.23527701
752,1410-RSCMR,0.24707460
3782,8800-JOOCF,0.33128490
2943,4526-EXKKN,0.00233344
4608,0813-TAXXS,0.00719704
5642,2320-TZRRH,0.00013590
1144,0841-NULXI,0.99092783
5477,2725-TTRIQ,0.00008957
3977,4778-IZARL,0.01382747
5314,2535-PBCGC,0.00554557
3149,3629-WEAAM,0.10835560
3592,6128-CZOMY,0.88676156
239,9227-UAQFT,0.00138325
5489,0804-XBFBV,0.27333881
3887,4503-BDXBD,0.06960938
3289,9626-VFRGG,0.05513118
4913,4994-OBRSZ,0.00014922
5010,3654-ARMGP,0.00009847
4096,0829-XXPLX,0.29290577
3910,8938-UMKPI,0.30644616
3412,4854-SSLTN,0.01230184
2034,9720-JJJOR,0.07525810
2509,1926-QUZNN,0.00004121
3295,4900-MSOMT,0.00002555
5404,8910-ICHIU,0.09635756
3142,4892-VLANZ,0.69333524
6779,0076-LVEPS,0.00701219
3063,1666-JXLKU,0.74068173
6057,4003-FUSHP,0.05935884
6580,7696-AMHOD,0.10685353
4672,8082-GHXOP,0.02294727
2692,5445-GLVOT,0.59411062
6534,5195-KPUNQ,0.02946441
1965,3948-XHGNA,0.05913469
2585,9624-EGDEQ,0.00005174
6527,7551-DACSP,0.26309009
2683,8128-YVJRG,0.03250757
842,1038-ZAGBI,0.00781286
2572,9153-BTBVV,0.00005757
3880,9470-RTWDV,0.05411216
1820,7554-AKDQF,0.09709690
1087,7241-AJHFS,0.03964792
5107,9633-DENPU,0.06953305
2746,5480-XTFFL,0.00579952
503,7803-XOCCZ,0.08955114
6248,6549-BTYPG,0.00091348
3045,9114-AAFQH,0.06229030
4274,3572-UUHRS,0.00210342
4527,7666-WKRON,0.11372385
585,5192-EBGOV,0.96380197
6933,6502-MJQAE,0.98505119
937,6400-BWQKW,0.17505125
5159,5928-QLDHB,0.41377548
437,4376-KFVRS,0.00123100
5014,3528-HFRIQ,0.01856741
4374,2718-YSKCS,0.00002522
4047,2434-EEVDB,0.02792225
3573,6506-EYCNH,0.01123822
5819,3396-DKDEL,0.00859583
2574,3269-ATYWD,0.48757474
169,1159-WFSGR,0.05331368
6035,9835-ZIITK,0.22711897
5533,9279-CJEOJ,0.61501771
1916,4720-VSTSI,0.11497333
5048,1360-JYXKQ,0.11617348
957,8388-FYNPZ,0.08248642
1025,7868-TMWMZ,0.01060201
6393,3466-RITXD,0.74589583
4205,6427-FEFIG,0.00048524
1616,6518-PPLMZ,0.05390480
6621,6762-NSODU,0.00017453
3948,4355-CVPVS,0.04441042
2691,7629-WIXZF,0.00662243
1650,3049-NDXFL,0.97713519
1870,3566-HJGPK,0.59843568
5357,1460-UZPRJ,0.00047447
179,3712-PKXZA,0.00543689
2412,1623-NLDOT,0.07083482
3559,5171-EPLKN,0.00004083
3494,5569-KGJHX,0.85638726
3968,7463-IFMQU,0.00000423
4652,3178-CIFOT,0.00036310
6131,1095-JUDTC,0.63904510
6178,3719-TDVQB,0.02865547
31,4929-XIHVW,0.98984990
3653,8106-GWQOK,0.01330507
5128,4128-ETESU,0.62478989
1330,0661-WCQNQ,0.03222041
2519,4927-WWOOZ,0.95207052
733,7564-GHCVB,0.00045244
168,3445-HXXGF,0.20282606
2298,6670-MFRPK,0.13703950
1451,6890-PFRQX,0.00505042
3601,1552-CZCLL,0.01987309
2149,2014-MKGMH,0.08531506
5141,0303-WMMRN,0.02169617
2087,3806-DXQOM,0.13540207
2741,1724-BQUHA,0.66869429
6076,2580-ATZSQ,0.00318916
6469,7945-PRBVF,0.00201818
4936,3898-GUYTS,0.59404495
4689,2832-SCUCO,0.20722152
2118,9779-DPNEJ,0.50943108
4398,4915-BFSXL,0.00718186
5067,5018-LXQQG,0.02908461
3433,1698-XFZCI,0.25968506
2676,1872-EBWSC,0.00042500
2609,4446-BZKHU,0.27412089
1097,4607-CHPCA,0.18414505
4864,9475-NNDGC,0.18566865
5682,3841-CONLJ,0.97102191
1219,2294-DMMUS,0.06205558
6485,5921-NGYRH,0.01285749
2851,1897-OKVMW,0.00002401
4951,5117-IFGPS,0.91392299
3319,3866-MDTUB,0.45043041
2759,1194-SPVSP,0.07146720
381,6905-NIQIN,0.62914636
6586,6813-GZQCG,0.00174752
4375,9896-UYMIE,0.02945174
3240,8849-GYOKR,0.34911886
1599,5816-JMLGY,0.00127853
6773,3990-QYKBE,0.23489270
4446,6161-UUUTA,0.47823256
3626,0396-UKGAI,0.00937484
3639,0512-FLFDW,0.22467138
6269,2946-KIQSP,0.04984789
2445,0187-WZNAB,0.08843649
4251,6867-ACCZI,0.00051812
1410,7024-OHCCK,0.98979215
2029,6481-OGDOO,0.00344972
2303,7377-DMMRI,0.64820565
6388,1963-VAUKV,0.09430453
80,5919-TMRGD,0.98296538
1174,6994-ORCWG,0.01696492
3305,5144-TVGLP,0.38118321
6267,0328-GRPMV,0.83261714
5844,2905-KFQUV,0.90251767
95,8637-XJIVR,0.34314672
576,5150-LJNSR,0.06445864
2542,4826-DXMUP,0.60030840
6477,3518-FSTWG,0.00034337
2405,2929-ERCFZ,0.21492983
4453,1455-UGQVH,0.98852897
5251,8485-GJCDN,0.21919314
592,0459-SPZHJ,0.00083721
6309,2169-RRLFW,0.00001486
4264,8818-DOPVL,0.41705209
4198,1207-BLKSA,0.00025501
3332,7593-XFKDI,0.26922333
5640,5393-RXQSZ,0.97353188
5916,5183-KLYEM,0.00081959
1867,0923-PNFUB,0.08471235
496,4134-BSXLX,0.01259823
1020,1452-XRSJV,0.00506386
2627,4213-HKBJO,0.00707335
7036,7750-EYXWZ,0.01541065
2275,7180-PISOG,0.92628165
5926,1356-MKYSK,0.05173157
2477,1212-GLHMD,0.02701846
5591,7228-OMTPN,0.37943632
3187,7682-AZNDK,0.24982301
6107,6286-SUUWT,0.71016487
5792,3500-RMZLT,0.47345547
4424,4729-XKASR,0.20096126
6085,8364-TRMMK,0.55661694
6609,1000-AJSLD,0.75349451
3196,4393-OBCRR,0.00984007
457,0942-KOWSM,0.01018444
6137,0870-VEMYL,0.14906063
6942,3454-JFUBC,0.00007930
1393,2592-YKDIF,0.14257042
1056,6941-PMGEP,0.52401337
4789,0511-JTEOY,0.43708969
3277,4323-ELYYB,0.00480641
5045,9500-LTVBP,0.71629572
1002,8120-JDCAM,0.57623489
3505,1335-NTIUC,0.54303009
6812,6563-VNPMN,0.02494526
1242,0668-OGMHD,0.09925408
3458,0311-UNPFF,0.09819215
534,9282-IZGQK,0.99052843
2184,4695-WJZUE,0.99865433
2249,5527-ACHSO,0.25002680
2663,5140-FOMCQ,0.41275500
3464,0410-IPFTY,0.72087287
5525,1333-PBMXB,0.01373223
1041,1915-OAKWD,0.02948433
4842,5707-ORNDZ,0.07850206
5863,7969-AULMZ,0.85804207
4325,2700-LUEVA,0.02929251
3153,9099-FTUHS,0.32407491
2168,8699-ASUFO,0.92883578
4144,7181-OQCUT,0.48374754
2594,3096-YXENJ,0.04550764
2748,2495-INZWQ,0.68806287
5995,2193-SFWQW,0.00069306
6547,3908-MKIMJ,0.00252721
6004,6736-DHUQI,0.00406511
6168,2868-MZAGQ,0.96041131
538,8905-IAZPF,0.04997090
61,1215-FIGMP,0.12491266
2815,0772-GYEQQ,0.16871455
1634,9995-HOTOH,0.00787986
2302,7579-KKLOE,0.00010912
3844,3594-UVONA,0.03229501
996,6641-XRPSU,0.67838194
5081,5707-ZMDJP,0.00035547
1652,3307-TLCUD,0.06337488
5678,4797-AXPXK,0.61609473
1038,4869-EPIUS,0.16762812
5120,8563-IIOXK,0.01464245
3901,2773-OVBPK,0.32120761
6512,1353-LJWEM,0.13804291
4387,5868-YTYKS,0.24513801
852,8713-IGZSO,0.08141401
2245,6050-FFXES,0.00590114
2095,9300-RENDD,0.85118331
19,4183-MYFRB,0.81035260
4824,3339-EAQNV,0.00371255
3346,2545-EBUPK,0.99378751
6638,4990-ALDGW,0.00076188
642,0970-ETWGE,0.89644407
865,3671-SHRSP,0.42548732
5595,2308-STERM,0.03940699
1665,1219-NNDDO,0.52426772
6859,3508-CFVZL,0.00020949
6072,3387-PLKUI,0.16722847
3929,9702-AIUJO,0.00865768
3785,8337-UPOAQ,0.90936927
1499,1728-CXQBE,0.07107294
4837,5134-IKDAY,0.97315168
6133,9638-JIQYA,0.76027099
736,6647-ZEDXT,0.03716411
1192,1579-KLYDT,0.85037435
6490,3985-HOYPM,0.00023293
5337,6705-LNMDD,0.03407558
4505,6917-FIJHC,0.00006852
469,4640-UHDOS,0.51239344
5948,1414-YADCW,0.00328414
3221,5960-MVTUK,0.44257554
4746,0637-KVDLV,0.98699348
4229,5451-YHYPW,0.00018442
6266,5813-UECBU,0.60024991
247,9947-OTFQU,0.95404130
3753,1816-FLZDK,0.15507522
6819,3005-NFMTA,0.06918956
6927,4710-NKCAW,0.06394793
4619,4290-BSXUX,0.96483377
5094,6266-QHOJZ,0.06719862
5650,6047-SUHPR,0.17097737
5508,6010-DDPPW,0.00014798
500,4374-YMUSQ,0.03328954
1726,1958-RNRKS,0.03323164
2399,7176-WIONM,0.80565525
3703,9483-GCPWE,0.00139567
6964,1264-FUHCX,0.49170590
1737,8887-IPQNC,0.15354460
3484,2921-XWDJH,0.67832968
4028,5574-NXZIU,0.10467109
3805,8644-XLFBW,0.27057464
228,4811-JBUVU,0.17140539
1467,8970-ANWXO,0.12965535
1978,0602-DDUML,0.00041925
800,5671-RQRLP,0.10378395
17,9959-WOFKT,0.15110488
5473,1208-NBVFH,0.43811200
6880,6976-BWGLQ,0.00000266
1801,2178-PMGCJ,0.09646876
2825,7610-TVOPG,0.11397681
5942,7240-ETPTR,0.96014799
6606,6518-LGAOV,0.34020502
960,2826-DXLQO,0.63335451
6539,5949-HGVJL,0.03657975
2949,3489-VSFRD,0.15353292
1615,2812-REYAT,0.00406484
5763,9633-XQABV,0.64256694
2821,4102-OQUPX,0.91107392
3651,2900-PHPLN,0.00004520
1888,9894-QMIMJ,0.00517035
706,7596-ZYWBB,0.00210488
2287,5440-FLBQG,0.07241204
6088,3063-QFSZL,0.31522766
2651,4873-ILOLJ,0.36126046
625,3003-CMDUU,0.41633121
1718,7279-NMVJC,0.03339708
4832,6478-HRRCZ,0.00697432
3504,3678-MNGZX,0.00010197
5245,5902-WBLSE,0.00001934
1103,7722-CVFXN,0.07465462
1244,2223-KAGMX,0.16941341
96,9803-FTJCG,0.00087353
3480,6060-QBMGV,0.00002791
1005,2858-EIMXH,0.47711035
1261,4741-WWJQZ,0.84191770
1078,9845-PEEKO,0.10810459
156,9167-APMXZ,0.14509474
4656,9800-ONTFE,0.41509587
4411,3621-CHYVB,0.06172715
2077,3177-LASXD,0.33516273
6634,1465-VINDH,0.76999731
425,2055-SIFSS,0.04163052
6994,0804-YGEQV,0.00530896
3617,3346-BRMIS,0.81501221
2623,3130-ICDUP,0.44643454
447,0732-OCQOC,0.00067674
5453,4012-YCFAI,0.00030487
3698,7346-MEDWM,0.08008787
2210,7036-TYDEC,0.02881448
4019,6615-NGGZJ,0.38071641
3973,3441-CGZJH,0.04100529
2934,0208-BPQEJ,0.16510215
6569,2229-DPMBI,0.00411814
3692,7159-FVYPK,0.44331786
4713,7544-ZVIKX,0.12775198
2771,6366-XIVKZ,0.02889945
4192,7137-NAXML,0.02007969
1199,7126-RBHSD,0.23432615
6404,1428-IEDPR,0.65360039
5381,9465-RWMXL,0.41283357
5941,2908-ZTPNF,0.07745140
3018,4176-RELJR,0.00018676
5190,3001-UNBTL,0.85128835
93,6067-NGCEU,0.05546846
4471,2479-BRAMR,0.37035959
1321,3161-ONRWK,0.00249489
5756,6349-JDHQP,0.01408932
4456,1619-YWUBB,0.00024202
1595,2761-OCIAX,0.44818672
2348,2683-JXWQQ,0.03118566
5688,9585-KKMFD,0.00171936
4584,7524-VRLPL,0.00393965
476,3780-DDGSE,0.03469503
5458,2207-OBZNX,0.00469596
2432,0023-UYUPN,0.00459360
5965,5975-BAICR,0.02810343
3460,2669-OIDSD,0.21155964
1034,8146-QQKZH,0.00005500
1775,2307-FYNNL,0.18802642
6284,2985-FMWYF,0.61892455
2835,5387-ASZNZ,0.02182471
2031,5349-AZPEW,0.14323399
3820,9481-IEBZY,0.02350862
1559,9818-XQCUV,0.00472948
2592,3750-RNQKR,0.00471629
4288,5442-UTCVD,0.41933785
487,3649-JPUGY,0.00004935
3320,2195-VVRJF,0.28744173
1115,1271-UODNO,0.02108485
6156,0118-JPNOY,0.17270613
4615,9499-XPZXM,0.00074258
561,7343-EOBEU,0.18303902
1730,3877-JRJIP,0.72894830
3262,5498-TXHLF,0.39522784
4334,3969-GYXEL,0.25743353
756,5730-DBDSI,0.00035930
334,2868-SNELZ,0.43071196
4507,7797-EJMDP,0.02130021
5400,4067-HLYQI,0.87006009
2705,4231-LZUYM,0.00000912
23,3638-WEABW,0.00315716
6849,5060-TQUQN,0.17919787
2124,7802-EFKNY,0.19332034
4401,7576-JMYWV,0.07056881
2229,3496-LFSZU,0.62067675
3578,4795-WRNVT,0.15797566
6579,3938-YFPXD,0.00011158
1926,6651-AZVTJ,0.78967640
3362,3658-KIBGF,0.36991587
1859,4143-HHPMK,0.65880372
1277,4821-WQOYN,0.00001699
5648,4291-HYEBC,0.08568219
4755,8849-AYPTR,0.22207389
6578,3898-BSJYF,0.20646016
6152,7562-GSUHK,0.10632067
3197,3523-QRQLL,0.16572692
712,9661-JALZV,0.00297398
6686,4670-TABXH,0.01144230
3244,7966-YOTQW,0.01553255
3207,3694-GLTJM,0.02923719
2407,8835-VSDSE,0.33421417
4862,3721-CNEYS,0.63049618
4013,9667-TKTVZ,0.47299432
5294,2927-CVULT,0.16677921
6033,6595-YGXIT,0.75397496
6297,0864-FVJNJ,0.00958302
5707,4537-DKTAL,0.35861763
1893,3466-WAESX,0.07228795
982,2483-XSSMZ,0.03212498
1657,4163-KIUHY,0.02442765
5255,8486-AYEQH,0.58218787
3102,0516-WJVXC,0.09134093
4885,5304-EFJLP,0.00076948
2098,4137-BTIKL,0.21922127
378,2863-IMQDR,0.00017596
3799,2930-UOTMB,0.02899922
5064,5673-TIYIB,0.79758835
199,3645-DEYGF,0.04086858
5987,1099-GODLO,0.01022338
4354,1955-IBMMB,0.02500435
2753,6857-VWJDT,0.85712890
3662,6410-LEFEN,0.52135464
6861,6692-UDPJC,0.28327793
4173,7858-GTZSP,0.84559558
1193,5232-NXPAY,0.00203987
4865,1355-KUSBG,0.27234072
2486,1174-FGIFN,0.31935019
5555,8750-QWZAJ,0.00008744
3238,7850-THJMU,0.00005402
2877,0310-MVLET,0.17377867
3606,2623-DRYAM,0.04361757
4172,1905-OEILC,0.24986124
4307,6899-PPEEA,0.84236811
828,3104-OWCGK,0.00622141
5702,5287-QWLKY,0.00236522
3164,2603-HVKCG,0.18579911
6766,9845-QOMAD,0.00351310
6639,4816-OKWNX,0.25051154
5676,9103-CXVOK,0.41734928
2948,2845-AFFTX,0.85785351
1897,7776-QWNFX,0.00460845
6083,1468-DEFNC,0.00001038
1535,7905-NJMXS,0.01374516
1465,1866-OBPNR,0.38104777
4909,3720-DBRWL,0.00091638
4724,5073-RZGBK,0.01002635
1912,0129-QMPDR,0.00240110
547,2560-PPCHE,0.00814575
6219,1496-GGSUK,0.96073961
1335,4671-LXRDQ,0.64747464
1385,9432-RUVSL,0.02517121
1176,3992-YWPKO,0.92333599
3571,8980-WQFWL,0.37831402
5983,0212-ISBBF,0.20119058
1352,7722-VJRQD,0.00007957
5061,4135-FRWKJ,0.00768365
4247,5161-UBZXI,0.02785968
5693,5327-XOKKY,0.00308336
2191,3988-RQIXO,0.96358713
3861,0479-HMSWA,0.02545808
3347,6923-AQONU,0.00004048
5151,5562-YJQGT,0.01110433
2706,7598-UAASY,0.87707913
683,7251-LJBQN,0.09549945
2577,4910-GMJOT,0.95475942
518,0257-ZESQC,0.02505506
611,4765-OXPPD,0.15268362
6993,6583-QGCSI,0.62458880
2119,9805-FILKB,0.00521684
3308,2706-QZIHY,0.00057240
3478,7673-LPRNY,0.02128874
491,6778-YSNIH,0.12048531
5364,9050-QLROH,0.14110240
4512,0707-HOVVN,0.00152993
323,7102-JJVTX,0.00414798
2764,1810-MVMAI,0.00898968
3151,7993-NQLJE,0.13280378
3163,9281-OFDMF,0.12388115
1201,6789-HJBWG,0.16372237
3907,2139-FQHLM,0.25507907
1966,3723-BFBGR,0.05352247
7034,0639-TSIQW,0.08807625
324,8626-PTQGE,0.00155198
6795,3541-ZNUHK,0.17685020
586,4568-KNYWR,0.01030959
4503,9658-WYUFB,0.89210472
5283,0997-YTLNY,0.02679882
3608,3208-YPIOE,0.48190726
2114,7707-PYBBH,0.02657666
1554,9313-QOLTZ,0.00080677
4817,6654-QGBZZ,0.29675139
5957,6877-LGWXO,0.46882770
5123,8020-BWHYL,0.47335139
3217,3594-IVHJZ,0.01132422
5826,9507-EXLTT,0.98865320
1372,9793-WECQC,0.06792661
763,1266-NZYUI,0.00537648
6576,2342-CKIAO,0.00399491
2859,6963-EZQEE,0.00018567
88,2796-NNUFI,0.00103625
1055,3486-NPGST,0.00002840
5102,9070-BCKQP,0.00007810
2906,7742-MYPGI,0.18730332
2732,9929-PLVPA,0.05321320
3352,9124-LHCJQ,0.98997122
2628,2792-LSHWX,0.82282989
6341,9330-IJWIO,0.82879294
6813,0617-AQNWT,0.00008167
1407,0895-UADGO,0.00154611
198,7255-SSFBC,0.00502287
1954,5834-ASPWA,0.90047222
3270,4132-KALRO,0.95628663
2272,8064-RAVOH,0.87752618
73,8028-PNXHQ,0.00007401
2699,9508-ILZDG,0.77128496
5817,4361-JEIVL,0.54789522
3431,2430-USGXP,0.91656746
5922,5965-GGPRW,0.00174926
4236,2542-HYGIQ,0.24188887
7023,1035-IPQPU,0.07410856
2865,3617-XLSGQ,0.03773140
5571,9107-UKCKY,0.07109968
6867,5146-YYFRZ,0.00005933
5351,5649-VUKMC,0.60783467
5163,3472-OAOOR,0.03782965
2981,0397-ZXWQF,0.00009018
1175,1346-UFHAX,0.04807768
5046,7252-NTGSS,0.58409785
1747,3198-VELRD,0.98652875
6350,3407-QGWLG,0.00986401
5154,9874-QLCLH,0.64240206
6422,8668-KNZTI,0.03488629
6646,8249-THVEC,0.00375782
5476,6060-DRTNL,0.50460264
3454,6773-LQTVT,0.09972875
4959,7853-GVUDZ,0.40073733
2083,4897-QSUYC,0.64813555
2404,5197-PYEPU,0.01764414
5705,3785-NRHYR,0.56635999
4462,6087-MVHJH,0.84589417
4157,1685-VAYJF,0.57148740
5934,9912-GVSEQ,0.80863577
6272,4636-OLWOE,0.02692127
2570,9600-UDOPK,0.48457065
3779,8631-NBHFZ,0.00196584
3540,1053-MXTTK,0.00804352
5893,3549-ZTMNH,0.01995793
208,7825-ECJRF,0.77505620
1433,6439-LAJXL,0.20265782
6670,4075-WKNIU,0.00000003
4412,8042-RNLKO,0.00030887
620,4881-JVQOD,0.46725931
4979,9593-CVZKR,0.00603537
1511,9972-EWRJS,0.00004336
6624,9888-ZCUMM,0.00085319
3181,1265-ZFOSD,0.00004053
5304,6078-VESFR,0.28683953
478,0306-JAELE,0.71847612
3290,7075-BNDVQ,0.03988319
1979,2208-MPXIO,0.00312833
5657,3096-GKWEB,0.31507879
3960,7404-JLKQG,0.72987463
5738,5049-GLYVG,0.07994357
3955,6704-UTUKK,0.14332884
1108,9397-TZSHA,0.00008509
5748,4686-UXDML,0.45752913
286,3808-HFKDE,0.23218605
550,3580-HYCSP,0.00035460
4970,9795-VOWON,0.01133907
6564,2159-TURXX,0.01447332
4355,0096-BXERS,0.32805681
5271,6507-DTJZV,0.08554747
6230,9962-BFPDU,0.30646996
1934,4587-NUKOX,0.11854660
5227,4060-LDNLU,0.94463879
5397,2379-ENZGV,0.81999105
4564,4877-EVATK,0.47042018
401,9442-JTWDL,0.00058497
4140,2748-MYRVK,0.01631032
747,3966-HRMZA,0.45190762
5836,2862-JVEOY,0.00681636
41,9489-DEDVP,0.00238159
1643,9469-WEJBT,0.08782042
5743,2384-OVPSA,0.00041564
4299,2186-QZEYA,0.15696909
5201,6202-JVYEU,0.00185949
1009,6419-ZTTLE,0.00053260
5711,1891-UAWWU,0.18612790
4196,6963-KQYQB,0.00013126
737,2521-NPUZR,0.00475992
1022,8242-SOQUO,0.48147958
4002,9823-EALYC,0.00001922
6940,2314-TNDJQ,0.00042595
6029,9714-EDSUC,0.09593793
5112,1383-EZRWL,0.00417751
5021,6617-WLBQC,0.00527487
2882,6652-YFFJO,0.33443738
5026,1401-FTHFQ,0.00050637
1755,1803-BGNBD,0.15639274
5316,1470-PSXNM,0.11050626
5984,9185-TQCVP,0.86378564
4239,6481-LXPWL,0.02698959
6258,5066-GFJMM,0.07102886
2045,7519-JTWQH,0.02213107
1550,9957-YODKZ,0.97473376
4362,8430-TWCBX,0.00091486
3438,5955-ERIHD,0.31507879
2517,5186-SAMNZ,0.96512481
3905,5759-RCVCB,0.18544279
6520,0220-EBGCE,0.92631597
1507,7427-AUFPY,0.01458418
1915,3221-CJMSG,0.00245328
4332,4194-FJARJ,0.01238681
549,8138-EALND,0.05978844
1728,8345-MVDYC,0.00027448
4728,6119-SPUDB,0.00080241
4628,1202-KKGFU,0.39948919
296,6556-DBKZF,0.01788286
5559,6339-DKLMK,0.31668022
6257,1977-STDKI,0.81084473
4763,4001-TSBTV,0.02840861
4995,7912-SYRQT,0.52328618
6656,4779-ZGICK,0.00053560
3548,0670-ANMUU,0.00295820
3024,8735-NBLWT,0.02047058
6847,8930-XOTDP,0.31066863
100,6380-ARCEH,0.49695923
3407,1167-OYZJF,0.00002053
5905,1628-BIZYP,0.95171533
5379,6284-KMNUF,0.06463750
4055,4676-WLUHT,0.00133463
5882,2138-VFAPZ,0.00313748
2966,8648-PFRMP,0.58239366
2233,8097-VBQTZ,0.00235167
5777,6087-YPWHO,0.00014142
5156,8109-YUOHE,0.00774080
798,3807-XHCJH,0.63703500
2155,0524-IAVZO,0.51478255
2091,8957-THMOA,0.00087278
1400,7521-YXVZY,0.06671128
1425,7077-XJMET,0.85458060
927,9625-QSTYE,0.19611410
3035,7924-GJZFI,0.18216341
346,2034-GDRCN,0.90250012
6675,4186-ZBUEW,0.29081199
1047,4026-SKKHW,0.15726645
2197,8548-AWOFC,0.03019231
1423,0680-DFNNY,0.83282146
681,7501-IWUNG,0.00318855
2264,7176-WRTNX,0.43061326
4141,8450-UYIBU,0.53825121
5603,1794-HBQTJ,0.15162302
87,1862-QRWPE,0.00042108
465,2996-XAUVF,0.00098487
2582,7145-FEJWU,0.66673904
3856,6710-HSJRD,0.24098213
1786,7530-HDYDS,0.89972447
5724,8042-JVNFH,0.38420432
1582,5127-BZENZ,0.00316219
3050,0876-WDUUZ,0.78639977
6058,0356-ERHVT,0.28251814
6704,9912-OMZDS,0.48885964
5480,2275-RBYQS,0.80265707
3439,0917-EZOLA,0.02020118
157,2749-CTKAJ,0.00044898
351,5160-UXJED,0.03892595
3685,7244-QWYHG,0.00579306
6114,4226-KKDON,0.09424851
6505,7018-FPXHH,0.00808766
1215,9897-KXHCM,0.25244690
1740,1222-KJNZD,0.00259073
2860,2452-KDRRH,0.49917518
4950,6892-EZDTG,0.89322263
4378,6980-CDGFC,0.00390941
1539,5071-FBJFS,0.64927929
743,4018-PPNDW,0.00045305
5821,9066-QRSDU,0.00075496
84,0318-ZOPWS,0.00344421
6461,0419-YAAPX,0.34801742
2985,9786-IJYDL,0.06408739
2189,4195-PNGZS,0.00002030
2805,9372-TXXPS,0.00192524
4290,7734-DBOAI,0.79762754
3058,2858-MOFSQ,0.02033914
4930,8180-AKMJV,0.74650738
5325,2690-DVRVK,0.00204324
2605,1790-NESIO,0.00004036
6970,8083-YTZES,0.95593314
2522,0661-KBKPA,0.01400703
2117,4139-DETXS,0.00015580
3996,1395-WSWXR,0.00001012
6784,9546-KDTRB,0.14375503
1373,4291-HPAXL,0.79735523
1297,6198-ZFIOJ,0.60726293
5517,7472-EQOAV,0.00005549
167,5997-OPVFA,0.00001146
4984,5236-XMZJY,0.11234717
5793,3873-NFTGI,0.06661826
1488,8695-WDYEA,0.36177177
6273,4342-HENTK,0.61178336
4513,8580-QVLOC,0.00005865
5333,3143-JQEGI,0.66372025
3483,4465-VDKIQ,0.06140127
6262,0824-VWDPO,0.07397110
6311,3162-KKZXO,0.84636102
1446,8445-DNBAE,0.50280861
1074,2111-DWYHN,0.24721599
3269,2662-NNTDK,0.00125097
5647,7502-BNYGS,0.09565373
4414,5372-FBKBN,0.00078893
4314,4597-NUCQV,0.68430489
6020,0020-JDNXP,0.03217275
2778,6599-GZWCM,0.04272052
6710,4342-HFXWS,0.06476848
1487,5035-PGZXH,0.63729228
2571,8216-AZUUZ,0.00942006
4787,5542-DHSXL,0.10500108
3388,8498-XXGWA,0.00728806
5631,6542-LWGXJ,0.42938243
1295,6248-TKCQV,0.00916798
1600,3068-OMWZA,0.98387611
1964,2430-RRYUW,0.00436221
5001,8292-TYSPY,0.03020629
5548,4589-IUAJB,0.00017525
3611,5693-PIPCS,0.00880771
4001,7446-KQISO,0.10599954
6657,0048-PIHNL,0.00903010
5597,6284-AHOOQ,0.28419007
373,2805-EDJPQ,0.01854776
5006,9103-TCIHJ,0.05223329
5078,9402-ROUMJ,0.27631148
1168,5562-BETPV,0.14023365
308,3167-SNQPL,0.33492734
1046,0810-DHDBD,0.00818502
2505,1776-SPBWV,0.00369475
3707,9537-JALFH,0.00016137
6385,0702-PGIBZ,0.85931592
1768,3055-VTCGS,0.00874579
6492,9548-LERKT,0.00012827
3395,6794-HKIAJ,0.00248153
1281,9531-NSBMR,0.00125420
4510,6368-NWMCE,0.11181050
5198,0643-OKLRP,0.38197629
1039,9948-YPTDG,0.49014718
5075,4879-GZLFH,0.04322887
812,8098-TDCBU,0.00065028
65,5122-CYFXA,0.16324044
965,9889-TMAHG,0.10798544
1421,5357-TZHPP,0.90353844
3386,1474-JUWSM,0.01351642
1181,8399-YNDCH,0.03406898
4087,3847-BAERP,0.00354609
5904,9402-CXWPL,0.07925490
4160,5049-MUBWG,0.00519459
3841,4039-HEUNW,0.26934331
4004,5803-NQJZO,0.00040076
1721,4116-TZAQJ,0.38026938
486,9094-AZPHK,0.88496311
6410,6121-TNHBO,0.00054951
2864,1564-HJUVY,0.03767768
5007,7407-SUJIZ,0.00019252
2755,5468-BPMMO,0.01972380
2276,9168-INPSZ,0.50118252
921,8942-DBMHZ,0.00446733
322,8705-WZCYL,0.51517283
248,0322-YINQP,0.02933745
5437,7000-WCEVQ,0.06276430
6768,9739-JLPQJ,0.01037682
5210,2794-XIMMO,0.24639680
2513,9565-AXSMR,0.00031876
3529,2880-FPNAE,0.77422785
231,3316-UWXUY,0.06553175
1210,9824-BEMCV,0.63571381
6459,3256-EZDBI,0.18040456
6630,1226-IENZN,0.60912905
7025,2823-LKABH,0.09205203
2389,6161-ERDGD,0.00508283
5531,2137-DQMEV,0.00028570
91,2424-WVHPL,0.25993406
6906,9945-PSVIP,0.00356854
318,2840-XANRC,0.07748085
4981,8008-HAWED,0.39902533
3752,0412-UCCNP,0.00899759
2728,6402-SSEJG,0.07252247
5605,8049-WJCLQ,0.40966404
4500,2830-LEWOA,0.02120702
4101,9780-FKVVF,0.00754485
1501,5014-GSOUQ,0.00011681
3379,0396-HUJBP,0.03195651
1835,8356-WUAOJ,0.91222190
6308,5442-BHQNG,0.79820637
3950,5655-JSMZM,0.87500214
2018,7065-YUNRY,0.76428750
6690,5161-XEUVX,0.02176145
4635,9068-FHQHD,0.00088786
1618,8017-LXHFA,0.21933600
5196,0786-IVLAW,0.01007454
2770,6100-QQHEB,0.33665730
5815,2642-DTVCO,0.67219285
5668,0147-ESWWR,0.15752396
6383,2335-GSODA,0.00139431
3809,9602-WCXPI,0.00440790
5549,0329-GTIAJ,0.54408218
5858,8241-JUIQO,0.00151202
2789,0581-MDMPW,0.20958051
1512,9314-IJWSQ,0.61713918
2199,8532-UEFWH,0.00028140
1412,7861-UVUFT,0.39326475
2112,8383-SGHJU,0.07589173
4623,8755-IWJHN,0.02350107
265,0123-CRBRT,0.00009311
3878,2223-GDSHL,0.00542386
1656,8189-HBVRW,0.01234918
6191,8495-PRWFH,0.06907953
838,6092-QZVPP,0.04481381
14,5129-JLPIS,0.55931804
3027,1614-JBEBI,0.00327595
1558,0637-YLETY,0.47777019
1163,0135-NMXAP,0.93056709
8,7892-POOKP,0.93381731
4039,8161-QYMTT,0.94960040
2802,3001-CBHLQ,0.38800568
3939,8945-GRKHX,0.97719509
5130,4625-EWPTF,0.36112940
339,1343-EHPYB,0.17016577
1694,0375-HVGXO,0.89491802
3282,0330-BGYZE,0.09511533
2022,5989-PGKJB,0.69310670
1426,8752-GHJFU,0.00489425
622,4851-BQDNX,0.07539095
6971,7240-FQLHE,0.79738169
4782,6175-IRFIT,0.30868822
5469,6538-POCHL,0.49689386
6958,3078-ZKNTS,0.00475899
1438,5777-KJIRB,0.02785185
2885,7923-IYJWY,0.35145685
6641,2810-FTLEM,0.03780190
1844,1265-HVPZB,0.03916334
2548,9796-BPKIW,0.14899899
196,9178-JHUVJ,0.00152114
4614,4732-RRJZC,0.02163683
1869,7010-BRBUU,0.00000449
4528,9688-YGXVR,0.01517654
6344,9286-DOJGF,0.51720795
6739,6994-KERXL,0.03951508
432,2181-UAESM,0.79526025
2215,4312-GVYNH,0.00215027
5260,2495-KZNFB,0.35176806
6001,4367-NHWMM,0.67100110
1480,8898-KASCD,0.00171922
5137,8016-NCFVO,0.08438768
3169,4578-PHJYZ,0.00424645
4653,2091-MJTFX,0.00402997
2850,2277-DJJDL,0.01384583
1760,2511-MORQY,0.01775933
604,2731-GJRDG,0.19422349
2157,1784-EZDKJ,0.50394323
3132,2468-SJFLM,0.65419782
6765,5115-SQAAU,0.00000608
6508,8708-XPXHZ,0.19504128
5636,0601-WZHJF,0.39405406
4693,0463-TXOAK,0.00510231
3393,4683-WYDOU,0.39182517
4201,1166-PQLGG,0.00000458
3550,0963-ZBDRN,0.50514315
5782,4871-JTKJF,0.99108585
5419,7173-TETGO,0.00063843
1891,4193-ORFCL,0.72967926
4275,2692-PFYTJ,0.12857119
4738,2369-UAPKZ,0.26544543
1545,5193-QLVZB,0.02667220
904,0379-DJQHR,0.00605703
6602,4657-FWVFY,0.16499156
6123,0623-EJQEG,0.12190568
4999,1699-TLDLZ,0.00060817
4879,4501-UYKBC,0.06209609
1703,8158-WPEZG,0.18420962
4257,9732-EQMWY,0.27756623
3870,1099-BTKWT,0.11283690
5038,4815-TUMEQ,0.02954949
1720,6407-UTSLV,0.92283360
4776,0018-NYROU,0.27810136
4122,4632-XJMEX,0.11584165
5261,1409-PHXTF,0.08259975
3479,8229-TNIQA,0.63390608
1498,0529-ONKER,0.57727461
254,3675-YDUPJ,0.03208133
3016,4484-CGXFK,0.18467416
221,4443-EMBNA,0.00002233
3794,4280-DLSHD,0.09324826
4800,9300-AGZNL,0.98900752
4291,2789-CZANW,0.00083857
5807,8464-EETCQ,0.02015596
2208,7216-EWTRS,0.99216618
1195,4468-KAZHE,0.15582039
1782,8623-ULFNQ,0.02536889
6552,9317-WZPGV,0.99592753
1320,8947-YRTDV,0.02343164
3765,1814-DKOLC,0.05040203
6799,8071-SBTRN,0.00392042
2488,4701-MLJPN,0.00690151
1578,1205-WNWPJ,0.07280159
376,6158-HDPXZ,0.55546251
755,6683-VLCTZ,0.98041098
291,3727-OWVYD,0.01742126
5910,0856-NAOES,0.09242519
4914,0562-FGDCR,0.00008105
188,0956-SYCWG,0.00081333
4382,2277-VWCNI,0.75167277
1419,3498-LZGQZ,0.00623407
2476,9135-MGVPY,0.00025926
3945,3815-SLMEF,0.03266174
501,4513-CXYIX,0.00183878
1197,8944-AILEF,0.10221987
5327,1270-XKUCC,0.00040515
6983,6633-SYEUS,0.04111239
5267,8075-GXIUB,0.00689610
4119,6016-NXBNJ,0.00508001
6517,9332-GYWLO,0.16757163
672,3276-HDUEG,0.87300803
3984,5884-FBCTL,0.00000318
1374,8999-YPYBV,0.00317711
5975,1522-VVDMG,0.83037599
6367,0848-SOMKO,0.00051147
2178,1657-DYMBM,0.00385820
5516,6923-EFPNL,0.50967906
4270,2167-FQSTQ,0.00004059
216,9286-BHDQG,0.00004617
3954,7225-CBZPL,0.20794616
421,5605-IYGFG,0.24507047
5099,6861-OKBCE,0.00652477
4664,7571-YXDAD,0.64265921
5028,0254-FNMCI,0.00570516
506,8981-FJGLA,0.25172138
3467,8414-MYSHR,0.64009909
6809,9274-CNFMO,0.34134346
1544,3794-NFNCH,0.01234649
1315,5158-RIVOP,0.00040832
4537,1100-DDVRV,0.75475377
4054,9522-BNTHX,0.23283557
3043,3677-IYRBF,0.97943739
2799,7009-PCARS,0.03666529
2641,8250-ZNGGW,0.33002780
4498,0967-BMLBD,0.02297740
3551,7594-RQHXR,0.98202923
347,8966-SNIZF,0.00005471
6529,7235-NXZCP,0.85115789
333,0122-OAHPZ,0.70088874
6830,7815-PDTHL,0.00594741
6056,8331-ZXFOE,0.00236453
6154,8901-UPRHR,0.02428312
5422,3563-SVYLG,0.00165382
6592,3205-MXZRA,0.00320623
6955,5392-AKEMH,0.84406402
1922,8201-AAXCB,0.19745811
746,6919-ELBGL,0.00007813
6910,0530-IJVDB,0.04026906
1670,5047-LHVLY,0.85228827
6618,8404-FYDIB,0.21074589
4059,3415-TAILE,0.46927244
4271,2819-GWENI,0.00030000
2473,6164-HXUGH,0.05600486
4048,6762-QVYJO,0.00035477
259,5046-NUHWD,0.46746986
1741,0106-GHRQR,0.25638267
3829,8374-XGEJJ,0.97274421
2020,2546-KZAAT,0.00406011
4586,7569-NMZYQ,0.01091539
1860,3279-DYZQM,0.00013563
599,0374-FIUCA,0.00032254
45,3714-NTNFO,0.62708335
4622,8705-DWKTI,0.25844943
6277,4195-SMMNX,0.00819356
5022,2599-CIPQE,0.00695071
6919,5136-GFPMB,0.09532081
5701,6476-YHMGA,0.02232687
1221,3055-MJDSB,0.52646785
2458,7516-GMHUV,0.04780150
5306,5940-NFXKV,0.90072165
2228,3597-YASZG,0.00478458
3886,3786-WOVKF,0.00045336
426,2806-MLNTI,0.36776830
1569,0799-DDIHE,0.09258834
805,9926-PJHDQ,0.01063141
410,0334-GDDSO,0.70205556
6931,2371-KFUOG,0.04905272
3574,4634-JLRJT,0.47798726
438,5886-VLQVU,0.03250824
3666,3194-ORPIK,0.24117311
434,6048-NJXHX,0.00507943
1805,7860-KSUGX,0.00062398
6901,2925-MXLSX,0.00766781
3621,2933-FILNV,0.57586828
6810,7758-XKCBS,0.31955408
5266,2027-DNKIV,0.02747529
1566,4751-ERMAN,0.00141932
4761,8224-KDLKN,0.00000632
5420,7929-SKFGK,0.01928175
1049,8329-IBCTI,0.20614385
626,5016-IBERQ,0.33952915
1669,5405-ZMYXQ,0.66703357
210,7841-TZDMQ,0.23616426
3126,9754-CLVZW,0.03611543
6000,9503-XJUME,0.00128709
2226,3298-QEICA,0.00248382
51,9420-LOJKX,0.73042922
1109,3391-JSQEW,0.02420185
1617,4939-KYYPY,0.01250261
6725,2061-VVFST,0.00625096
4222,6480-YAGIY,0.07962761
1543,0330-IVZHA,0.12391168
4907,7161-DFHUF,0.00004652
6177,1260-TTRXI,0.44318964
5981,8577-QSOCG,0.00099664
2284,8963-JLGJT,0.66928539
6431,3266-FTKHB,0.00051993
4582,6122-LJADA,0.00041175
3509,8710-YGLWG,0.32336449
2318,6463-HHXJR,0.00129231
3463,9576-SYUHJ,0.22027894
5462,9289-LBQVU,0.00982862
2991,2207-QPJED,0.16138922
1840,6990-YNRIO,0.24890100
6280,0489-WMEMG,0.01670394
2057,2189-UXTKY,0.02786667
1864,7105-MXJLL,0.00437274
705,7133-VBDCG,0.04753757
6254,9933-QRGTX,0.00997220
2069,6356-ELRKD,0.88057190
5859,2194-IIQOF,0.00005333
4558,8063-GBATB,0.88201806
5547,9611-CTWIH,0.51659614
527,3571-DPYUH,0.02214189
1533,8519-QJGJD,0.03192960
565,5846-NEQVZ,0.00056846
1620,6022-KOUQO,0.72005065
2268,7205-BAIAD,0.00034528
640,9574-BOSMD,0.00002451
4590,4884-TVUQF,0.00563599
730,6439-GTPCA,0.05126974
6566,3795-CAWEX,0.03595691
4447,7821-DPRQE,0.06918891
325,4983-CLMLV,0.28200325
6728,2380-DAMQP,0.00054314
290,7534-BFESC,0.69335152
1886,6695-FRVEC,0.00115445
5180,0361-HJRDX,0.00331418
1683,0354-VXMJC,0.00001294
4149,6559-ILWKJ,0.02365106
4641,9895-VFOXH,0.26697732
1945,8229-BUJHX,0.00000551
6255,4476-OSWTN,0.02353711
5105,2995-UPRYS,0.08545607
4335,9208-OLGAQ,0.84291059
864,4124-MMETB,0.46268600
5740,8882-TLVRW,0.00002241
5960,2957-JIRMN,0.08567940
4758,3646-ITDGM,0.14863910
4886,2673-ZALNP,0.00062487
4939,9975-SKRNR,0.24781712
4126,3724-UCSHY,0.01062870
371,0259-GBZSH,0.97857849
3985,7130-CTCUS,0.03621051
2698,8150-QUDFX,0.38319273
4679,8218-FFJDS,0.00001749
1562,8259-NFJTV,0.22404948
2751,7909-FIOIY,0.15310165
6128,3317-VLGQT,0.74036951
5414,2722-VOJQL,0.05006132
4836,0584-BJQGZ,0.07069282
1921,6732-VAILE,0.00033445
6376,1302-TPUBN,0.00251594
1783,8380-PEFPE,0.60879719
4774,7402-PWYJJ,0.14810437
3076,4250-FDVOU,0.05200958
4696,9128-CPXKI,0.16452933
3260,4183-WCSEP,0.26761652
122,0404-SWRVG,0.82365891
479,6227-HWPWX,0.42141616
1632,1899-VXWXM,0.32270881
6796,8450-JOVAH,0.20551906
2879,4550-VBOFE,0.53440829
1436,9546-CQJSU,0.95757277
6186,4789-KWMXN,0.02366961
940,0835-DUUIQ,0.00380040
3366,1855-AGAWH,0.42140988
6853,9079-YEXQJ,0.16829306
439,3577-AMVUX,0.82275504
847,2316-ESMLS,0.02916422
4634,9426-SXNHE,0.01225693
3208,8550-XSXUQ,0.04870902
7010,0723-DRCLG,0.94262175
3881,2176-OSJUV,0.00059876
1173,0107-WESLM,0.45497500
4127,8626-XHBIE,0.00608717
2549,0188-GWFLE,0.00827822
4698,8166-ZZTFS,0.00230155
6143,5774-QPLTF,0.00492908
4626,0929-PECLO,0.01776934
2887,5696-QURRL,0.60420911
5391,8124-NZVGJ,0.08142783
279,4130-MZLCC,0.53430210
4296,4489-SNOJF,0.10576323
2115,8984-HPEMB,0.01946219
3757,4615-PIVVU,0.01417225
6875,6848-HJTXY,0.00011269
6081,8757-TFHHJ,0.08588088
4463,4603-JANFB,0.70794127
2534,8565-HBFNN,0.10280512
2107,7422-WNBTY,0.27216280
1101,4712-UYOOI,0.03052917
4371,3372-CDXFJ,0.01963872
2794,5353-WILCI,0.08859177
4801,0988-AADSA,0.00001680
577,8270-RKSAP,0.44047866
59,5954-BDFSG,0.01892702
4342,5792-JALQC,0.00136816
787,2202-OUTMO,0.04123209
3538,9028-LIHRP,0.00106235
5008,9150-KPBJQ,0.00286800
2881,4003-OCTMP,0.01355463
6089,8775-LHDJH,0.76413728
2317,6770-UAYGJ,0.00032211
1370,7596-IIWYC,0.00032226
1183,0887-WBJVH,0.35220940
1883,8840-DQLGN,0.02246801
6462,8413-VONUO,0.22553345
1894,9281-PKKZE,0.12845068
2575,5186-PEIZU,0.00141584
6561,6339-YPSAH,0.67653825
5973,2324-EFHVG,0.01091561
184,1918-ZBFQJ,0.47888392
1565,6968-GMKPR,0.14803223
1871,3062-ICYZQ,0.32541516
420,2233-FAGXV,0.23485490
5832,6017-PPLPX,0.86187874
553,1982-FEBTD,0.00069398
1732,9705-IOVQQ,0.04023961
2138,6288-CHQJB,0.00230532
6542,3315-TOTBP,0.23344105
6073,6096-EGVTU,0.00012943
443,2937-FTHUR,0.15308419
6497,4062-HBMOS,0.67399546
1608,2387-KDZQY,0.00538147
6450,4609-KNNWG,0.00006233
1765,0409-WTMPL,0.46486837
1586,3766-EJLFL,0.11944972
3313,4232-JGKIY,0.26471040
5328,0334-ZFJSR,0.01026843
181,6582-OIVSP,0.58409785
5786,8661-BOYNW,0.00010375
794,4257-GAESD,0.66637592
1420,8785-CJSHH,0.29596886
1477,5469-CTCWN,0.06450816
3721,2839-RFSQE,0.00504526
1940,4890-VMUAV,0.01568463
1992,3365-SAIGS,0.41475724
4074,0946-CLJTI,0.27818024
6061,3920-HIHMQ,0.00820779
3370,5307-UVGNB,0.22201829
4666,8780-RSYYU,0.00119478
6498,0742-NXBGR,0.89010968
530,8067-NIOYM,0.00044840
6848,5916-QEWPT,0.83566484
710,1029-QFBEN,0.11639886
2357,9251-WNSOD,0.01433008
6493,6576-FBXOJ,0.22428249
558,2501-XWWTZ,0.13756692
5927,6080-LNESI,0.00014566
2306,7245-NIIWQ,0.25330037
1371,6567-HOOPW,0.98584137
5872,4550-EVXNY,0.99427492
6629,6437-UDQJM,0.00007874
907,0297-RBCSG,0.02487673
6226,2097-YVPKN,0.00007237
4376,0853-NWIFK,0.09501935
5970,4853-OITSN,0.48706252
6253,6128-DAFVY,0.45730897
2453,1197-BVMVG,0.88677911
4715,7508-DQAKK,0.00069767
1872,9938-PRCVK,0.00069970
5773,0289-IVARM,0.12527256
3773,8260-NGFNY,0.10592782
926,7074-IEVOJ,0.78672385
2481,6614-YWYSC,0.00035136
5481,8473-VUVJN,0.76704527
3404,6693-DJWTY,0.01157591
15,3655-SNQYZ,0.00837977
6366,2845-KDHVX,0.00042873
315,5027-YOCXN,0.14360611
2439,8884-MRNSU,0.03014024
5002,0567-XRHCU,0.00025709
1161,5868-CZJDR,0.85831686
